{"explained_variance": [0.9438923230822347, 0.044835075140697296], "components": [[0.6896495506354728, 0.5192714707311042, 0.5047183739404049], [-0.684955452895474, 0.24159821003315363, 0.6873618642734931]]}